id,title,description,image_link,link,product_type,brand,price,availability,item_group_id,checkout_url,additional_image_link,sale_price_effective_date,sale_price,condition,visibility,gender,color,size,pattern,google_product_category,default_product,variant
wc_post_id_1965,"Qualatex 11″ Standard Black Balloon","Latex 11″ Chrome Balloon (Black color)",http://localhost:8888/baloons/wp-content/uploads/2020/12/43802B_W-22.png,http://localhost:8888/baloons/product/qualatex-11%e2%80%b3-standard-black-balloon/,"Uncategorized","Balloon Stories",5USD,in stock,wc_post_id_1965,,,1970-01-29T00:00+00:00/1970-01-30T23:59+00:00,5USD,new,published,,,,,,,
wc_post_id_1962,"Qualatex 11″ Standard Spring green Balloon","Latex 11″ Chrome Balloon (Spring green color)",http://localhost:8888/baloons/wp-content/uploads/2020/12/43802B_W-20.png,http://localhost:8888/baloons/product/qualatex-11%e2%80%b3-standard-spring-green-balloon/,"Latex Balloons","Balloon Stories",5USD,in stock,wc_post_id_1962,,,1970-01-29T00:00+00:00/1970-01-30T23:59+00:00,5USD,new,published,,,,,,,
wc_post_id_1960,"Qualatex 11″ Standard Lime green Balloon","Latex 11″ Chrome Balloon (Lime Green color)",http://localhost:8888/baloons/wp-content/uploads/2020/12/43802B_W-19.png,http://localhost:8888/baloons/product/qualatex-11%e2%80%b3-standard-lime-green-balloon/,"Latex Balloons","Balloon Stories",5USD,in stock,wc_post_id_1960,,,1970-01-29T00:00+00:00/1970-01-30T23:59+00:00,5USD,new,published,,,,,,,
wc_post_id_1957,"Qualatex 11″ Standard Wintergreen Balloon","Latex 11″ Chrome Balloon (Wintergreen color)",http://localhost:8888/baloons/wp-content/uploads/2020/12/43802B_W-18.png,http://localhost:8888/baloons/product/qualatex-11%e2%80%b3-standard-wintergreen-balloon/,"Latex Balloons","Balloon Stories",5USD,in stock,wc_post_id_1957,,,1970-01-29T00:00+00:00/1970-01-30T23:59+00:00,5USD,new,published,,,,,,,
wc_post_id_1955,"Qualatex 11″ Standard Navy Balloon","Latex 11″ Chrome Balloon (Navy color)",http://localhost:8888/baloons/wp-content/uploads/2020/12/43802B_W-16.png,http://localhost:8888/baloons/product/qualatex-11%e2%80%b3-standard-navy-balloon/,"Latex Balloons","Balloon Stories",5USD,in stock,wc_post_id_1955,,,1970-01-29T00:00+00:00/1970-01-30T23:59+00:00,5USD,new,published,,,,,,,
wc_post_id_1953,"Qualatex 11″ Standard Periwinkle Balloon","Latex 11″ Chrome Balloon (Periwinkle color)",http://localhost:8888/baloons/wp-content/uploads/2020/12/43802B_W-15.png,http://localhost:8888/baloons/product/qualatex-11%e2%80%b3-standard-periwinkle-balloon/,"Latex Balloons","Balloon Stories",5USD,in stock,wc_post_id_1953,,,1970-01-29T00:00+00:00/1970-01-30T23:59+00:00,5USD,new,published,,,,,,,
wc_post_id_1951,"Qualatex 11″ Standard Purple Violet Balloon","Latex 11″ Chrome Balloon (Purple Violet color)",http://localhost:8888/baloons/wp-content/uploads/2020/12/43802B_W-14.png,http://localhost:8888/baloons/product/qualatex-11%e2%80%b3-standard-purple-violet-balloon/,"Latex Balloons","Balloon Stories",4USD,in stock,wc_post_id_1951,,,1970-01-29T00:00+00:00/1970-01-30T23:59+00:00,4USD,new,published,,,,,,,
wc_post_id_1949,"Qualatex 11″ Standard Spring Lilac Balloon","Latex 11″ Chrome Balloon (Spring Lilac color)",http://localhost:8888/baloons/wp-content/uploads/2020/12/43802B_W-13.png,http://localhost:8888/baloons/product/qualatex-11%e2%80%b3-standard-spring-lilac-balloon/,"Latex Balloons","Balloon Stories",4USD,in stock,wc_post_id_1949,,,1970-01-29T00:00+00:00/1970-01-30T23:59+00:00,4USD,new,published,,,,,,,
wc_post_id_1943,"Qualatex 11″ Standard Wild Berry Balloon","Latex 11″ Chrome Balloon (Wild Berry color)",http://localhost:8888/baloons/wp-content/uploads/2020/12/43802B_W-12.png,http://localhost:8888/baloons/product/qualatex-11%e2%80%b3-standard-wild-berry-balloon/,"Latex Balloons","Balloon Stories",5USD,in stock,wc_post_id_1943,,,1970-01-29T00:00+00:00/1970-01-30T23:59+00:00,5USD,new,published,,,,,,,
wc_post_id_1932,"Qualatex 11″ Standard Coral Balloon","Latex 11″ Chrome Balloon (Coral color)",http://localhost:8888/baloons/wp-content/uploads/2020/12/43802B_W-11.png,http://localhost:8888/baloons/product/qualatex-11%e2%80%b3-standard-coral-balloon/,"Latex Balloons","Balloon Stories",5USD,in stock,wc_post_id_1932,,,1970-01-29T00:00+00:00/1970-01-30T23:59+00:00,5USD,new,published,,,,,,,
wc_post_id_1930,"Qualatex 11″ Standard Green Balloon","Latex 11″ Chrome Balloon (Green color)",http://localhost:8888/baloons/wp-content/uploads/2020/12/43802B_W-10.png,http://localhost:8888/baloons/product/qualatex-11%e2%80%b3-standard-green-balloon/,"Latex Balloons","Balloon Stories",4USD,in stock,wc_post_id_1930,,,1970-01-29T00:00+00:00/1970-01-30T23:59+00:00,4USD,new,published,,,,,,,
wc_post_id_1926,"Qualatex 11″ Standard Dark Blue Balloon","Latex 11″ Chrome Balloon (Dark Blue color)",http://localhost:8888/baloons/wp-content/uploads/2020/12/43802B_W-9.png,http://localhost:8888/baloons/product/qualatex-11%e2%80%b3-standard-dark-blue-balloon/,"Latex Balloons","Balloon Stories",4USD,in stock,wc_post_id_1926,,,1970-01-29T00:00+00:00/1970-01-30T23:59+00:00,4USD,new,published,,,,,,,
wc_post_id_1924,"Qualatex 11″ Standard Pale Blue Balloon","Latex 11″ Chrome Balloon (Pale Blue color)",http://localhost:8888/baloons/wp-content/uploads/2020/12/43802B_W-6.png,http://localhost:8888/baloons/product/qualatex-11%e2%80%b3-standard-pale-blue-balloon/,"Latex Balloons","Balloon Stories",4USD,in stock,wc_post_id_1924,,,1970-01-29T00:00+00:00/1970-01-30T23:59+00:00,4USD,new,published,,,,,,,
wc_post_id_1922,"Qualatex 11″ Standard Red Balloon","Latex 11″ Chrome Balloon (Red color)",http://localhost:8888/baloons/wp-content/uploads/2020/12/43802B_W-5.png,http://localhost:8888/baloons/product/qualatex-11%e2%80%b3-standard-red-balloon/,"Latex Balloons","Balloon Stories",4USD,in stock,wc_post_id_1922,,,1970-01-29T00:00+00:00/1970-01-30T23:59+00:00,4USD,new,published,,,,,,,
wc_post_id_1919,"Qualatex 11″ Standard Pink Balloon","Latex 11″ Chrome Balloon (Pink color)",http://localhost:8888/baloons/wp-content/uploads/2020/12/43802B_W-4.png,http://localhost:8888/baloons/product/qualatex-11%e2%80%b3-standard-pink-balloon/,"Latex Balloons","Balloon Stories",4USD,in stock,wc_post_id_1919,,,1970-01-29T00:00+00:00/1970-01-30T23:59+00:00,4USD,new,published,,,,,,,
wc_post_id_1917,"Qualatex 11″ Standard Orange Balloon","Latex 11″ Chrome Balloon (Orange color)",http://localhost:8888/baloons/wp-content/uploads/2020/12/43802B_W-3.png,http://localhost:8888/baloons/product/qualatex-11%e2%80%b3-standard-orange-balloon/,"Latex Balloons","Balloon Stories",5USD,in stock,wc_post_id_1917,,,1970-01-29T00:00+00:00/1970-01-30T23:59+00:00,5USD,new,published,,,,,,,
wc_post_id_1915,"Qualatex 11″ Standard Yellow Balloon","Latex 11″ Chrome Balloon (Yellow color)",http://localhost:8888/baloons/wp-content/uploads/2020/12/43802B_W-2.png,http://localhost:8888/baloons/product/qualatex-11%e2%80%b3-standard-yellow-balloon/,"Latex Balloons","Balloon Stories",5USD,in stock,wc_post_id_1915,,,1970-01-29T00:00+00:00/1970-01-30T23:59+00:00,5USD,new,published,,,,,,,
wc_post_id_1912,"Qualatex 11″ Standard White Balloon","Latex 11″ Chrome Balloon (White color)",http://localhost:8888/baloons/wp-content/uploads/2020/12/43802B_W-1.png,http://localhost:8888/baloons/product/qualatex-11%e2%80%b3-standard-white-balloon/,"Latex Balloons","Balloon Stories",4USD,in stock,wc_post_id_1912,,,1970-01-29T00:00+00:00/1970-01-30T23:59+00:00,4USD,new,published,,,,,,,
wc_post_id_1910,"Qualatex 11″ Chrome Rose Gold Balloon","Latex 11″ Chrome Balloon (Rose Gold color)",http://localhost:8888/baloons/wp-content/uploads/2020/12/12966B_CROSEG.png,http://localhost:8888/baloons/product/qualatex-11%e2%80%b3-chrome-rose-gold-balloon/,"Latex Balloons","Balloon Stories",5USD,in stock,wc_post_id_1910,,,1970-01-29T00:00+00:00/1970-01-30T23:59+00:00,5USD,new,published,,,,,,,
wc_post_id_1908,"Qualatex 11″ Chrome Mauve Balloon","Latex 11″ Chrome Balloon (Mauve color)",http://localhost:8888/baloons/wp-content/uploads/2020/12/58275B_CMA.png,http://localhost:8888/baloons/product/qualatex-11%e2%80%b3-chrome-mauve-balloon/,"Uncategorized","Balloon Stories",5USD,in stock,wc_post_id_1908,,,1970-01-29T00:00+00:00/1970-01-30T23:59+00:00,5USD,new,published,,,,,,,
wc_post_id_1906,"Qualatex 11″ Chrome Purple Balloon","Latex 11″ Chrome Balloon (Purple color)",http://localhost:8888/baloons/wp-content/uploads/2020/12/58274B_CPU.png,http://localhost:8888/baloons/product/qualatex-11%e2%80%b3-chrome-purple-balloon/,"Latex Balloons","Balloon Stories",5USD,in stock,wc_post_id_1906,,,1970-01-29T00:00+00:00/1970-01-30T23:59+00:00,5USD,new,published,,,,,,,
wc_post_id_1904,"Qualatex 11″ Chrome Green Balloon","Latex 11″ Chrome Balloon (Green color)",http://localhost:8888/baloons/wp-content/uploads/2020/12/58273B_CG.png,http://localhost:8888/baloons/product/qualatex-11%e2%80%b3-chrome-green-balloon/,"Latex Balloons","Balloon Stories",5USD,in stock,wc_post_id_1904,,,1970-01-29T00:00+00:00/1970-01-30T23:59+00:00,5USD,new,published,,,,,,,
wc_post_id_1899,"Qualatex 11″ Chrome Blue Balloon","Latex 11″ Chrome Balloon (Blue color)",http://localhost:8888/baloons/wp-content/uploads/2020/12/58272B_CBLU-3.png,http://localhost:8888/baloons/product/qualatex-11%e2%80%b3-chrome-blue-balloon/,"Latex Balloons","Balloon Stories",5USD,in stock,wc_post_id_1899,,,1970-01-29T00:00+00:00/1970-01-30T23:59+00:00,5USD,new,published,,,,,,,
wc_post_id_1896,"Qualatex 11″ Chrome Gold Balloon","Latex 11″ Chrome Balloon (Gold color)",http://localhost:8888/baloons/wp-content/uploads/2020/12/58271B_CGLD-1.png,http://localhost:8888/baloons/product/qualatex-11%e2%80%b3-chrome-gold-balloon/,"Latex Balloons","Balloon Stories",5USD,in stock,wc_post_id_1896,,,1970-01-29T00:00+00:00/1970-01-30T23:59+00:00,5USD,new,published,,,,,,,
wc_post_id_1894,"Qualatex 11' Chrome Silver Balloon","Latex 11' Chrome Balloon (Silver color)",http://localhost:8888/baloons/wp-content/uploads/2020/12/58270B_CS.png,http://localhost:8888/baloons/product/qualatex-11-chrome-silver-balloon/,"Latex Balloons","Balloon Stories",5USD,in stock,wc_post_id_1894,,,1970-01-29T00:00+00:00/1970-01-30T23:59+00:00,5USD,new,published,,,,,,,
wc_post_id_1892,"Qualatex 11' Chrome Copper Balloon","Latex 11' Chrome Balloon (Copper color)",http://localhost:8888/baloons/wp-content/uploads/2020/12/12977B_CCOP.png,http://localhost:8888/baloons/product/qualatex-11-chrome-copper-balloon/,"Latex Balloons","Balloon Stories",5USD,in stock,wc_post_id_1892,,,1970-01-29T00:00+00:00/1970-01-30T23:59+00:00,5USD,new,published,,,,,,,
wc_post_id_1700,"Engaging","Engaging",http://localhost:8888/baloons/wp-content/uploads/2020/11/WhatsApp-Image-2020-11-19-at-5.35.49-PM-1.jpeg,http://localhost:8888/baloons/product/engaging/,"Bouquet Sets","Balloon Stories",250USD,in stock,wc_post_id_1700,,,1970-01-29T00:00+00:00/1970-01-30T23:59+00:00,250USD,new,staging,,,,,,,
wc_post_id_1699,"Christmas tree","Christmas tree",http://localhost:8888/baloons/wp-content/uploads/2020/11/WhatsApp-Image-2020-11-19-at-5.33.56-PM-1.jpeg,http://localhost:8888/baloons/product/christmas-tree-3/,"Figures","Balloon Stories",520USD,in stock,wc_post_id_1699,,,1970-01-29T00:00+00:00/1970-01-30T23:59+00:00,520USD,new,staging,,,,,,,
wc_post_id_1698,"Christmas candy","Christmas candy",http://localhost:8888/baloons/wp-content/uploads/2020/11/WhatsApp-Image-2020-11-19-at-5.32.46-PM-1-1.jpeg,http://localhost:8888/baloons/product/christmas-candy/,"Bouquet Sets","Balloon Stories",220USD,in stock,wc_post_id_1698,,,1970-01-29T00:00+00:00/1970-01-30T23:59+00:00,220USD,new,staging,,,,,,,
wc_post_id_1697,"Christmas tree","Christmas tree",http://localhost:8888/baloons/wp-content/uploads/2020/11/WhatsApp-Image-2020-11-19-at-5.32.46-PM-2.jpeg,http://localhost:8888/baloons/product/christmas-tree-2/,"Figures","Balloon Stories",490USD,in stock,wc_post_id_1697,,,1970-01-29T00:00+00:00/1970-01-30T23:59+00:00,490USD,new,staging,,,,,,,
wc_post_id_1696,"Christmas tree","Christmas tree",http://localhost:8888/baloons/wp-content/uploads/2020/11/WhatsApp-Image-2020-11-19-at-5.32.43-PM-1.jpeg,http://localhost:8888/baloons/product/christmas-tree/,"Figures","Balloon Stories",890USD,in stock,wc_post_id_1696,,,1970-01-29T00:00+00:00/1970-01-30T23:59+00:00,890USD,new,staging,,,,,,,
wc_post_id_1686,"Dinosaur","Dinosaur",http://localhost:8888/baloons/wp-content/uploads/2020/11/p67-1.jpg,http://localhost:8888/baloons/product/dinosaur-2/,"Uncategorized","Balloon Stories",159USD,in stock,wc_post_id_1686,,,1970-01-29T00:00+00:00/2038-01-17T23:59+00:00,129USD,new,staging,,,,,,,
wc_post_id_1685,"Flamingo","Flamingo",http://localhost:8888/baloons/wp-content/uploads/2020/11/p66-1.jpg,http://localhost:8888/baloons/product/flamingo/,"Arches &amp; Garlands","Balloon Stories",249USD,in stock,wc_post_id_1685,,,1970-01-29T00:00+00:00/1970-01-30T23:59+00:00,249USD,new,staging,,,,,,,
1681_1684,"Birthday bouquet with 34' numbers, bubble balloon and sphere","The balloon bouquet includes: 
 
  Foil numbers (2pcs.) 34' 
  Latex balloons (6pcs.) 11' 
  Bubble balloon (1pcs.) 18' 
  Sphere foil balloon (1pcs.) 22' 
 
Colors and bubble balloon filling may vary",http://localhost:8888/baloons/wp-content/uploads/2020/11/p65-1.jpg,http://localhost:8888/baloons/product/26/,"Bouquet Sets","Balloon Stories",189USD,in stock,1681_1684,,,1970-01-29T00:00+00:00/1970-01-30T23:59+00:00,189USD,new,staging,,,,,,,
1683_1683,"Birthday balloon circle arch with 34″ numbers and assorted balloons in a circle","The balloon arch includes: 
 
  Foil numbers (1pcs.) 34″ 
  Latex balloon arch 3,5' in diameter 
 
Colors and bubble balloon filling may vary",http://localhost:8888/baloons/wp-content/uploads/2020/11/p64-1.jpg,http://localhost:8888/baloons/product/4/,"Arches &amp; Garlands, Uncategorized","Balloon Stories",590USD,in stock,1683_1683,,,1970-01-29T00:00+00:00/1970-01-30T23:59+00:00,590USD,new,staging,,,,,,,
wc_post_id_1682,"Raccoon","Raccoon",http://localhost:8888/baloons/wp-content/uploads/2020/11/p63-1.jpg,http://localhost:8888/baloons/product/raccoon/,"Bouquet Sets","Balloon Stories",129USD,in stock,wc_post_id_1682,,,1970-01-29T00:00+00:00/1970-01-30T23:59+00:00,129USD,new,staging,,,,,,,
wc_post_id_1681,"Blue & White","Blue & White",http://localhost:8888/baloons/wp-content/uploads/2020/11/p62-1.jpg,http://localhost:8888/baloons/product/blue-white/,"Uncategorized","Balloon Stories",790USD,in stock,wc_post_id_1681,,,1970-01-29T00:00+00:00/1970-01-30T23:59+00:00,790USD,new,staging,,,,,,,
wc_post_id_1680,"Deer","Deer",http://localhost:8888/baloons/wp-content/uploads/2020/11/p61-1.jpg,http://localhost:8888/baloons/product/deer/,"Uncategorized","Balloon Stories",590USD,in stock,wc_post_id_1680,,,1970-01-29T00:00+00:00/1970-01-30T23:59+00:00,590USD,new,staging,,,,,,,
wc_post_id_1679,"12","12",http://localhost:8888/baloons/wp-content/uploads/2020/11/p60-1.jpg,http://localhost:8888/baloons/product/12/,"Uncategorized","Balloon Stories",590USD,in stock,wc_post_id_1679,,,1970-01-29T00:00+00:00/1970-01-30T23:59+00:00,590USD,new,staging,,,,,,,
wc_post_id_1670,"Minions","Minions",http://localhost:8888/baloons/wp-content/uploads/2020/11/p59-1.jpg,http://localhost:8888/baloons/product/minions/,"Uncategorized","Balloon Stories",119USD,in stock,wc_post_id_1670,,,1970-01-29T00:00+00:00/1970-01-30T23:59+00:00,119USD,new,staging,,,,,,,
wc_post_id_1669,"Mickey Mouse","Mickey Mouse",http://localhost:8888/baloons/wp-content/uploads/2020/11/p58-1.jpg,http://localhost:8888/baloons/product/mickey-mouse-2/,"Uncategorized","Balloon Stories",99USD,in stock,wc_post_id_1669,,,1970-01-29T00:00+00:00/1970-01-30T23:59+00:00,99USD,new,staging,,,,,,,
wc_post_id_1668,"Pony","Pony",http://localhost:8888/baloons/wp-content/uploads/2020/11/p57-1.jpg,http://localhost:8888/baloons/product/pony/,"Uncategorized","Balloon Stories",149USD,in stock,wc_post_id_1668,,,1970-01-29T00:00+00:00/1970-01-30T23:59+00:00,149USD,new,staging,,,,,,,
wc_post_id_1667,"Unicorn","Unicorn",http://localhost:8888/baloons/wp-content/uploads/2020/11/p56-1.jpg,http://localhost:8888/baloons/product/unicorn-2/,"Uncategorized","Balloon Stories",149USD,in stock,wc_post_id_1667,,,1970-01-29T00:00+00:00/1970-01-30T23:59+00:00,149USD,new,staging,,,,,,,
wc_post_id_1666,"Baby Boy","Baby Boy",http://localhost:8888/baloons/wp-content/uploads/2020/11/p55-1.jpg,http://localhost:8888/baloons/product/baby-boy/,"Uncategorized","Balloon Stories",139USD,in stock,wc_post_id_1666,,,1970-01-29T00:00+00:00/1970-01-30T23:59+00:00,139USD,new,staging,,,,,,,
wc_post_id_1665,"1","1",http://localhost:8888/baloons/wp-content/uploads/2020/11/p53-1.jpg,http://localhost:8888/baloons/product/1-5/,"Uncategorized","Balloon Stories",590USD,in stock,wc_post_id_1665,,,1970-01-29T00:00+00:00/1970-01-30T23:59+00:00,590USD,new,staging,,,,,,,
wc_post_id_1664,"Bat","Bat",http://localhost:8888/baloons/wp-content/uploads/2020/11/p52-1.jpg,http://localhost:8888/baloons/product/bat/,"Uncategorized","Balloon Stories",590USD,in stock,wc_post_id_1664,,,1970-01-29T00:00+00:00/1970-01-30T23:59+00:00,590USD,new,staging,,,,,,,
1663_1663,"Birthday bouquet with 34″ numbers, latex balloons, foil hearts and twisted decorations","The balloon bouquet includes: 
 
  Foil numbers (2pcs.) 34″ 
  Latex balloons filled with helium (5pcs.) 11″ 
  Twisted decorations (2pcs.) 
  Foil hearts (3pcs.) 
  latex balloons (20pcs.) 
 
Colors may vary",http://localhost:8888/baloons/wp-content/uploads/2020/11/p51-1.jpg,http://localhost:8888/baloons/product/14/,"Bouquet Sets, Uncategorized","Balloon Stories",240USD,in stock,1663_1663,,,1970-01-29T00:00+00:00/1970-01-30T23:59+00:00,240USD,new,staging,,,,,,,
wc_post_id_1662,"1","1",http://localhost:8888/baloons/wp-content/uploads/2020/11/p50-1.jpg,http://localhost:8888/baloons/product/1-4/,"Uncategorized","Balloon Stories",890USD,in stock,wc_post_id_1662,,,1970-01-29T00:00+00:00/1970-01-30T23:59+00:00,890USD,new,staging,,,,,,,
wc_post_id_1652,"Candy","Candy",http://localhost:8888/baloons/wp-content/uploads/2020/11/p49-1.jpg,http://localhost:8888/baloons/product/candy-2/,"Uncategorized","Balloon Stories",590USD,in stock,wc_post_id_1652,,,1970-01-29T00:00+00:00/1970-01-30T23:59+00:00,590USD,new,staging,,,,,,,
wc_post_id_1651,"Kitty","Kitty",http://localhost:8888/baloons/wp-content/uploads/2020/11/p48-1.jpg,http://localhost:8888/baloons/product/kitty-2/,"Uncategorized","Balloon Stories",149USD,in stock,wc_post_id_1651,,,1970-01-29T00:00+00:00/1970-01-30T23:59+00:00,149USD,new,staging,,,,,,,
wc_post_id_1650,"Car","Car",http://localhost:8888/baloons/wp-content/uploads/2020/11/p47-1.jpg,http://localhost:8888/baloons/product/car/,"Uncategorized","Balloon Stories",100USD,in stock,wc_post_id_1650,,,1970-01-29T00:00+00:00/1970-01-30T23:59+00:00,100USD,new,staging,,,,,,,
wc_post_id_1649,"Heaven Bird","Heaven Bird",http://localhost:8888/baloons/wp-content/uploads/2020/11/p46-1.jpg,http://localhost:8888/baloons/product/heaven-bird/,"Uncategorized","Balloon Stories",149USD,in stock,wc_post_id_1649,,,1970-01-29T00:00+00:00/1970-01-30T23:59+00:00,149USD,new,staging,,,,,,,
wc_post_id_1648,"Rocking Pony","Rocking Pony",http://localhost:8888/baloons/wp-content/uploads/2020/11/p45-1.jpg,http://localhost:8888/baloons/product/rocking-pony/,"Uncategorized","Balloon Stories",129USD,in stock,wc_post_id_1648,,,1970-01-29T00:00+00:00/1970-01-30T23:59+00:00,129USD,new,staging,,,,,,,
wc_post_id_1647,"Sea World","Sea World",http://localhost:8888/baloons/wp-content/uploads/2020/11/p44-1.jpg,http://localhost:8888/baloons/product/sea-world-2/,"Uncategorized","Balloon Stories",149USD,in stock,wc_post_id_1647,,,1970-01-29T00:00+00:00/1970-01-30T23:59+00:00,149USD,new,staging,,,,,,,
wc_post_id_1646,"Panda","Panda",http://localhost:8888/baloons/wp-content/uploads/2020/11/p43-1.jpg,http://localhost:8888/baloons/product/panda/,"Uncategorized","Balloon Stories",129USD,in stock,wc_post_id_1646,,,1970-01-29T00:00+00:00/1970-01-30T23:59+00:00,129USD,new,staging,,,,,,,
wc_post_id_1645,"Candy","Candy",http://localhost:8888/baloons/wp-content/uploads/2020/11/p42-1.jpg,http://localhost:8888/baloons/product/candy/,"Uncategorized","Balloon Stories",690USD,in stock,wc_post_id_1645,,,1970-01-29T00:00+00:00/1970-01-30T23:59+00:00,690USD,new,staging,,,,,,,
wc_post_id_1644,"Super Family","Super Family",http://localhost:8888/baloons/wp-content/uploads/2020/11/p41-1.jpg,http://localhost:8888/baloons/product/super-family/,"Uncategorized","Balloon Stories",149USD,in stock,wc_post_id_1644,,,1970-01-29T00:00+00:00/1970-01-30T23:59+00:00,149USD,new,staging,,,,,,,
wc_post_id_1634,"Pumpkin","Pumpkin",http://localhost:8888/baloons/wp-content/uploads/2020/11/p40-1.jpg,http://localhost:8888/baloons/product/pumpkin/,"Uncategorized","Balloon Stories",550USD,in stock,wc_post_id_1634,,,1970-01-29T00:00+00:00/1970-01-30T23:59+00:00,550USD,new,staging,,,,,,,
wc_post_id_1633,"30","30",http://localhost:8888/baloons/wp-content/uploads/2020/11/p39-1.jpg,http://localhost:8888/baloons/product/30-2/,"Uncategorized","Balloon Stories",149USD,in stock,wc_post_id_1633,,,1970-01-29T00:00+00:00/1970-01-30T23:59+00:00,149USD,new,staging,,,,,,,
wc_post_id_1632,"Monsters","Monsters",http://localhost:8888/baloons/wp-content/uploads/2020/11/p38-1.jpg,http://localhost:8888/baloons/product/monsters/,"Uncategorized","Balloon Stories",89USD,in stock,wc_post_id_1632,,,1970-01-29T00:00+00:00/1970-01-30T23:59+00:00,89USD,new,staging,,,,,,,
wc_post_id_1631,"6","6",http://localhost:8888/baloons/wp-content/uploads/2020/11/p37-1.jpg,http://localhost:8888/baloons/product/6/,"Uncategorized","Balloon Stories",89USD,in stock,wc_post_id_1631,,,1970-01-29T00:00+00:00/1970-01-30T23:59+00:00,89USD,new,staging,,,,,,,
wc_post_id_1630,"Frozen","Frozen",http://localhost:8888/baloons/wp-content/uploads/2020/11/p36-1.jpg,http://localhost:8888/baloons/product/frozen-2/,"Uncategorized","Balloon Stories",149USD,in stock,wc_post_id_1630,,,1970-01-29T00:00+00:00/1970-01-30T23:59+00:00,149USD,new,staging,,,,,,,
wc_post_id_1629,"Mickey Mouse","Mickey Mouse",http://localhost:8888/baloons/wp-content/uploads/2020/11/p35-1.jpg,http://localhost:8888/baloons/product/mickey-mouse/,"Uncategorized","Balloon Stories",320USD,in stock,wc_post_id_1629,,,1970-01-29T00:00+00:00/1970-01-30T23:59+00:00,320USD,new,staging,,,,,,,
wc_post_id_1628,"Unicorn & Butterfly & Rainbow","Unicorn & Butterfly & Rainbow",http://localhost:8888/baloons/wp-content/uploads/2020/11/p34-1.jpg,http://localhost:8888/baloons/product/unicorn-butterfly-rainbow/,"Uncategorized","Balloon Stories",320USD,in stock,wc_post_id_1628,,,1970-01-29T00:00+00:00/1970-01-30T23:59+00:00,320USD,new,staging,,,,,,,
wc_post_id_1627,"Heart","Heart",http://localhost:8888/baloons/wp-content/uploads/2020/11/p33-1.jpg,http://localhost:8888/baloons/product/heart/,"Uncategorized","Balloon Stories",149USD,in stock,wc_post_id_1627,,,1970-01-29T00:00+00:00/1970-01-30T23:59+00:00,149USD,new,staging,,,,,,,
wc_post_id_1626,"3","3",http://localhost:8888/baloons/wp-content/uploads/2020/11/p32-1.jpg,http://localhost:8888/baloons/product/3/,"Uncategorized","Balloon Stories",99USD,in stock,wc_post_id_1626,,,1970-01-29T00:00+00:00/1970-01-30T23:59+00:00,99USD,new,staging,,,,,,,
wc_post_id_1607,"18","18",http://localhost:8888/baloons/wp-content/uploads/2020/11/p31-1.jpg,http://localhost:8888/baloons/product/18/,"Uncategorized","Balloon Stories",129USD,in stock,wc_post_id_1607,,,1970-01-29T00:00+00:00/1970-01-30T23:59+00:00,129USD,new,staging,,,,,,,
wc_post_id_1606,"Dinosaur","Dinosaur",http://localhost:8888/baloons/wp-content/uploads/2020/11/p30-1.jpg,http://localhost:8888/baloons/product/dinosaur/,"Uncategorized","Balloon Stories",119USD,in stock,wc_post_id_1606,,,1970-01-29T00:00+00:00/1970-01-30T23:59+00:00,119USD,new,staging,,,,,,,
1605_1605,"Birthday bouquet with 34″ numbers, helium foil and latex balloons","The balloon bouquet includes: 
 
  Foil numbers (2pcs.) 34″ 
  Latex  helium balloons (16pcs.) 11″ 
  Helium foil balloons (2pcs.) 18″ 
 
Colors may vary",http://localhost:8888/baloons/wp-content/uploads/2020/11/p29-1.jpg,http://localhost:8888/baloons/product/30/,"Bouquet Sets, Uncategorized","Balloon Stories",189USD,in stock,1605_1605,,,1970-01-29T00:00+00:00/1970-01-30T23:59+00:00,189USD,new,staging,,,,,,,
wc_post_id_1604,"Ring","Ring",http://localhost:8888/baloons/wp-content/uploads/2020/11/p28-1.jpg,http://localhost:8888/baloons/product/ring/,"Uncategorized","Balloon Stories",189USD,in stock,wc_post_id_1604,,,1970-01-29T00:00+00:00/1970-01-30T23:59+00:00,189USD,new,staging,,,,,,,
wc_post_id_1603,"Doggy","Doggy",http://localhost:8888/baloons/wp-content/uploads/2020/11/p27-1.jpg,http://localhost:8888/baloons/product/doggy/,"Uncategorized","Balloon Stories",149USD,in stock,wc_post_id_1603,,,1970-01-29T00:00+00:00/1970-01-30T23:59+00:00,149USD,new,staging,,,,,,,
wc_post_id_1602,"1","1",http://localhost:8888/baloons/wp-content/uploads/2020/11/p26-1.jpg,http://localhost:8888/baloons/product/1-3/,"Uncategorized","Balloon Stories",119USD,in stock,wc_post_id_1602,,,1970-01-29T00:00+00:00/1970-01-30T23:59+00:00,119USD,new,staging,,,,,,,
wc_post_id_1601,"2","2",http://localhost:8888/baloons/wp-content/uploads/2020/11/p25-1.jpg,http://localhost:8888/baloons/product/2/,"Uncategorized","Balloon Stories",149USD,in stock,wc_post_id_1601,,,1970-01-29T00:00+00:00/1970-01-30T23:59+00:00,149USD,new,staging,,,,,,,
1600_1600,"Birthday bouquet with 34″ numbers, bubble balloon and foil stars","Foil numbers (1pcs.) 34″ 
  Latex balloons (12pcs.) 11″ 
  Bubble balloon (1pcs.) 18″ 
  Star foil balloons (4pcs.) 18″ 
 
Colors and bubble balloon filling may vary",http://localhost:8888/baloons/wp-content/uploads/2020/11/p24-1.jpg,http://localhost:8888/baloons/product/1-2/,"Bouquet Sets, Uncategorized","Balloon Stories",189USD,in stock,1600_1600,,,1970-01-29T00:00+00:00/1970-01-30T23:59+00:00,189USD,new,staging,,,,,,,
wc_post_id_1599,"1","1",http://localhost:8888/baloons/wp-content/uploads/2020/11/p23-1.jpg,http://localhost:8888/baloons/product/1/,"Uncategorized","Balloon Stories",189USD,in stock,wc_post_id_1599,,,1970-01-29T00:00+00:00/1970-01-30T23:59+00:00,189USD,new,staging,,,,,,,
wc_post_id_1598,"Kitty","Kitty",http://localhost:8888/baloons/wp-content/uploads/2020/11/p22-1.jpg,http://localhost:8888/baloons/product/kitty/,"Uncategorized","Balloon Stories",179USD,in stock,wc_post_id_1598,,,1970-01-29T00:00+00:00/1970-01-30T23:59+00:00,179USD,new,staging,,,,,,,
wc_post_id_1597,"Stroller","Stroller",http://localhost:8888/baloons/wp-content/uploads/2020/11/p21-1.jpg,http://localhost:8888/baloons/product/stroller/,"Uncategorized","Balloon Stories",179USD,in stock,wc_post_id_1597,,,1970-01-29T00:00+00:00/1970-01-30T23:59+00:00,179USD,new,staging,,,,,,,
wc_post_id_1596,"9","9",http://localhost:8888/baloons/wp-content/uploads/2020/11/p20-1.jpg,http://localhost:8888/baloons/product/9/,"Uncategorized","Balloon Stories",220USD,in stock,wc_post_id_1596,,,1970-01-29T00:00+00:00/1970-01-30T23:59+00:00,220USD,new,staging,,,,,,,
wc_post_id_1595,"22","22",http://localhost:8888/baloons/wp-content/uploads/2020/11/p19-1.jpg,http://localhost:8888/baloons/product/22/,"Uncategorized","Balloon Stories",149USD,in stock,wc_post_id_1595,,,1970-01-29T00:00+00:00/1970-01-30T23:59+00:00,149USD,new,staging,,,,,,,
wc_post_id_1594,"28","28",http://localhost:8888/baloons/wp-content/uploads/2020/11/p18-1.jpg,http://localhost:8888/baloons/product/28/,"Uncategorized","Balloon Stories",149USD,in stock,wc_post_id_1594,,,1970-01-29T00:00+00:00/1970-01-30T23:59+00:00,149USD,new,staging,,,,,,,
wc_post_id_1593,"55","55",http://localhost:8888/baloons/wp-content/uploads/2020/11/p17-1.jpg,http://localhost:8888/baloons/product/55/,"Uncategorized","Balloon Stories",129USD,in stock,wc_post_id_1593,,,1970-01-29T00:00+00:00/1970-01-30T23:59+00:00,129USD,new,staging,,,,,,,
wc_post_id_1592,"Unicorn","Unicorn",http://localhost:8888/baloons/wp-content/uploads/2020/11/p16-1.jpg,http://localhost:8888/baloons/product/unicorn/,"Uncategorized","Balloon Stories",119USD,in stock,wc_post_id_1592,,,1970-01-29T00:00+00:00/1970-01-30T23:59+00:00,119USD,new,staging,,,,,,,
wc_post_id_1591,"Diamond","Diamond",http://localhost:8888/baloons/wp-content/uploads/2020/11/p15-1.jpg,http://localhost:8888/baloons/product/diamond/,"Uncategorized","Balloon Stories",149USD,in stock,wc_post_id_1591,,,1970-01-29T00:00+00:00/1970-01-30T23:59+00:00,149USD,new,staging,,,,,,,
wc_post_id_1590,"Black & Yellow","Black & Yellow",http://localhost:8888/baloons/wp-content/uploads/2020/11/p14-1.jpg,http://localhost:8888/baloons/product/black-yellow/,"Uncategorized","Balloon Stories",149USD,in stock,wc_post_id_1590,,,1970-01-29T00:00+00:00/1970-01-30T23:59+00:00,149USD,new,staging,,,,,,,
wc_post_id_1589,"Star Wars","Star Wars",http://localhost:8888/baloons/wp-content/uploads/2020/11/p13-1.jpg,http://localhost:8888/baloons/product/star-wars/,"Uncategorized","Balloon Stories",189USD,in stock,wc_post_id_1589,,,1970-01-29T00:00+00:00/1970-01-30T23:59+00:00,189USD,new,staging,,,,,,,
wc_post_id_1588,"Mermaid","Mermaid",http://localhost:8888/baloons/wp-content/uploads/2020/11/p12-1.jpg,http://localhost:8888/baloons/product/mermaid/,"Uncategorized","Balloon Stories",119USD,in stock,wc_post_id_1588,,,1970-01-29T00:00+00:00/1970-01-30T23:59+00:00,119USD,new,published,,,,,,,
wc_post_id_1587,"Cat","Cat",http://localhost:8888/baloons/wp-content/uploads/2020/11/p11-1.jpg,http://localhost:8888/baloons/product/cat/,"Uncategorized","Balloon Stories",89USD,in stock,wc_post_id_1587,,,1970-01-29T00:00+00:00/1970-01-30T23:59+00:00,89USD,new,staging,,,,,,,
wc_post_id_1586,"Kittens","Kittens",http://localhost:8888/baloons/wp-content/uploads/2020/11/p10-1.jpg,http://localhost:8888/baloons/product/kittens/,"Uncategorized","Balloon Stories",119USD,in stock,wc_post_id_1586,,,1970-01-29T00:00+00:00/1970-01-30T23:59+00:00,119USD,new,staging,,,,,,,
wc_post_id_1585,"Hedgehog & Squirrel","Hedgehog & Squirrel",http://localhost:8888/baloons/wp-content/uploads/2020/11/p9-1.jpg,http://localhost:8888/baloons/product/hedgehog-squirrel/,"Uncategorized","Balloon Stories",119USD,in stock,wc_post_id_1585,,,1970-01-29T00:00+00:00/1970-01-30T23:59+00:00,119USD,new,staging,,,,,,,
wc_post_id_1584,"Raccoon & Hare","Raccoon & Hare",http://localhost:8888/baloons/wp-content/uploads/2020/11/p8-1.jpg,http://localhost:8888/baloons/product/raccoon-hare/,"Uncategorized","Balloon Stories",159USD,in stock,wc_post_id_1584,,,1970-01-29T00:00+00:00/1970-01-30T23:59+00:00,159USD,new,staging,,,,,,,
wc_post_id_1583,"Dragons","Dragons",http://localhost:8888/baloons/wp-content/uploads/2020/11/p7-1.jpg,http://localhost:8888/baloons/product/dragons/,"Uncategorized","Balloon Stories",169USD,in stock,wc_post_id_1583,,,1970-01-29T00:00+00:00/1970-01-30T23:59+00:00,169USD,new,published,,,,,,,
wc_post_id_1582,"Spider Man","Spider Man",http://localhost:8888/baloons/wp-content/uploads/2020/11/p6-1.jpg,http://localhost:8888/baloons/product/spider-man/,"Uncategorized","Balloon Stories",79USD,in stock,wc_post_id_1582,,,1970-01-29T00:00+00:00/1970-01-30T23:59+00:00,79USD,new,staging,,,,,,,
wc_post_id_1581,"Happy Birthday LOL Barbie Bouquet with Number","The balloon bouquet includes: 
 
  Foil Number (1-2pcs.) 34″ 
  Foil girl figure (1pcs.) 30″ 
  Latex balloons (16pcs.) 11″ 
 
Colors may vary",http://localhost:8888/baloons/wp-content/uploads/2020/11/p5-1.jpg,http://localhost:8888/baloons/product/lol-barbie/,"Bouquet Sets","Balloon Stories",129USD,in stock,wc_post_id_1581,,,1970-01-29T00:00+00:00/1970-01-30T23:59+00:00,129USD,new,published,,,,,,,
wc_post_id_1580,"Frozen style bouquet with 2 balloon fountains","The balloon bouquet includes: 
 
  Foil Frozen figure (1pcs.) 60″ 
  Foil animal figure (1pcs.) 30″ 
  Latex balloons (16pcs.) 11″ 
 
Colors may vary",http://localhost:8888/baloons/wp-content/uploads/2020/11/p4-1.jpg,http://localhost:8888/baloons/product/frozen/,"Bouquet Sets, Walking Foil Figures","Balloon Stories",159USD,in stock,wc_post_id_1580,,,1970-01-29T00:00+00:00/1970-01-30T23:59+00:00,159USD,new,published,,,,,,,
wc_post_id_1579,"Sea World Bouquet with fish, sea star and octopus","The balloon bouquet includes: 
 
  Foil sea animals (3pcs.) 30″ 
  Latex balloons (10pcs.) 11″ 
 
Colors may vary",http://localhost:8888/baloons/wp-content/uploads/2020/11/p3-1.jpg,http://localhost:8888/baloons/product/sea-world/,"Bouquet Sets","Balloon Stories",139USD,in stock,wc_post_id_1579,,,1970-01-29T00:00+00:00/1970-01-30T23:59+00:00,139USD,new,published,,,,,,,
wc_post_id_1578,"Birthday bouquet with 2 fountains and a Dragon","The balloon bouquet includes: 
 
  Foil dragon (1pcs.) 30″ 
  Latex balloons (14pcs.) 11″ 
 
Colors may vary",http://localhost:8888/baloons/wp-content/uploads/2020/11/p2-1.jpg,http://localhost:8888/baloons/product/dragon/,"Bouquet Sets","Balloon Stories",119USD,in stock,wc_post_id_1578,,,1970-01-29T00:00+00:00/1970-01-30T23:59+00:00,119USD,new,published,,,,,,,
